ID	페이지 타이틀	대표 키워드 1	키워드 1 순위	대표 키워드 2	키워드 2 순위	구글 월 클릭	네이버 월 유입	마지막 확인일	메모
P001	연봉 인상 계산기							업데이트 필요
P002	퇴직금 계산기							업데이트 필요
P003	이직 계산기							업데이트 필요
P004	육아휴직 계산기							업데이트 필요
P005	가구 소득 계산기							업데이트 필요
P006	대기업 성과급 시뮬레이터							업데이트 필요
P007	삼성전자 성과급 계산기							업데이트 필요
P008	SK하이닉스 성과급 계산기							업데이트 필요
P009	현대자동차 성과금 계산기							업데이트 필요
P010	출산~2세 총지원금 계산기							업데이트 필요
P011	한 명만 육아휴직 총수령액 계산기							업데이트 필요
P012	육아휴직 급여 계산기							업데이트 필요
P013	6+6 부모육아휴직제 계산기							업데이트 필요
P014	한국 부자 TOP10 자산 리포트							업데이트 필요
P015	미국 부자 TOP10 패턴 리포트							업데이트 필요
P016	2026 신입사원 초봉 비교 리포트							GSC 미제출 — 데이터 없음
P017	IT 연봉 TOP10 리포트							GSC 미제출 — 데이터 없음
